ID,cc,Type,Aspiration,FuelUseMultiplier,PowerType,EngineType,EngineName
3187,4200,V8,NA,80,0,1,V8-Alpine-VGT-'17
3314,3400,V6,TURBO,80,1,1,V6-Audi-VGT
3334,4000,V6,TURBO,140,1,3,V6-R18-'16
1965,3700,V6,TURBO,130,0,3,V6-R18-'11
2179,-,-,TURBO,85,0,1,Bugatti-VGT-Gr.1
3188,-,-,NA,80,0,1,Tomahawk-Gr.1
2180,-,-,NA,90,0,1,Hyundai-VGT
1067,6995,V12,NA,80,0,1,V12-XJR-9
296,654x4,Rotor4,NA,75,0,2,R26B-787B
2181,-,-,NA,75,0,1,LM55-VGT-Gr.1
3335,3998,V8,TURBO,90,1,1,V8-McLaren-VGT-Gr.1
998,4973,V8,TURBO,90,0,1,M119HL-C9
2127,3000,V6,TURBO,90,1,1,VRX30A-GT-R
954,3496,V8,TURBO,85,0,1,VRH35Z-R92CP
1646,5500,V12,TURBO,105,0,3,V12-908HDi-FAP
3333,-,-,TURBO,105,1,1,L750R-VGT
3313,2000,V4,TURBO,85,1,1,V4-919
3373,2649,Boxer6,TURBO,80,0,1,935/82-962C
3499,3500,V6,TURBO,80,1,1,V6-GR010
2101,3400,V8,NA,75,1,1,V8-TS030
3312,2400,V6,TURBO,105,1,1,V6-TS050
216,-,V12,NA,110,0,1,S70/3-F1GTR-'97
1510,3494,V6,NA,85,0,1,C32B-NSX-GT500
3348,1995,L4,TURBO,85,0,1,HR-414E-NSX
3349,2000,L4,TURBO,80,0,1,RI4AG-RC-F
1516,4480,V8,NA,80,0,1,3UZ-FE-SC430
3397,-,V8,NA,85,0,1,M119-GT108B-CLK-LM
3350,1998,L4,TURBO,80,0,1,NR20A-GT-R
1466,4494,V8,NA,85,0,1,VK45DE-GT-R
3185,-,-,TURBO,110,0,1,Alfa-4C-Gr.3
3394,5935,V12,NA,110,0,1,AM04-DBR9
2131,5935,V12,NA,115,0,1,AM08-Vantage
2143,5200,V10,NA,120,0,1,DAR-R8
3405,5200,V10,NA,120,0,1,DAR-R8-Evo
1904,4000,V8,NA,115,0,1,P65B40-M3
3221,-,-,TURBO,125,0,1,P63B44-M6-Sprint
3218,-,-,TURBO,125,0,1,P63B44-M6-Endurance
1902,4361,V8,NA,110,0,1,P65B44-Z4
2183,-,V8,NA,115,0,1,V8-Corvette-Gr.3
2190,-,-,NA,125,0,1,GT-by-Citroen-Gr.3
3223,8383,V10,NA,120,0,1,VX-I-Viper-GT3R
2158,4497,V8,NA,115,0,1,F136-458-GT3
1425,5409,V8,SuperCharger,135,0,1,V8-Ford-GT-LM-Test
1040,5400,V8,SuperCharger,135,0,1,V8-Ford-GT-LM
3436,3500,V6,TURBO,115,0,1,V6-Ford-GT-Race-'18
2159,-,V8,NA,115,0,1,V8-Mustang-Gr.3
3502,3342,V6,TURBO,110,0,1,V6-Genesis-X
3235,-,V6,TURBO,100,0,1,V6-NSX-Gr.3
2160,-,-,NA,100,0,1,Genesis-Gr.3
2184,-,V8,SuperCharger,105,0,1,V8-F-type-Gr.3
2177,5204,V10,NA,120,0,1,DGF-Huracan
3340,5407,V8,NA,100,0,1,2UR-GSE-RC-F-GT3
3228,5327,V8,NA,100,0,1,2UR-GSE-RC-F-GT3-proto
3237,-,L4,TURBO,100,0,1,L4-Atenza-Gr.3
3419,-,-,NA,105,0,2,RX-Vision-GT3
3503,-,-,NA,105,0,2,RX-Vision-GT3-Stealth
2182,3799,V8,TURBO,140,0,1,M838T-650S-GT3
1984,6064,V12,NA,115,0,1,S70/2-F1GTR-'95
3224,6208,V8,NA,115,0,1,M159-AMG-GT3
1797,-,V8,NA,105,0,1,M159-SLS-GT3
2185,-,-,TURBO,115,0,1,Evo-Gr.3
1905,3799,V6,TURBO,105,0,1,VR38DETT-GT-R-GT3-'13
485,2708,L6,TURBO,150,0,1,RB26DETT-GT-R-GT500
3493,2083,L4,TURBO,125,0,1,LZ20B-Skyline
3183,3200,V6,TURBO,115,0,1,V6-Peugeot-VGT-Gr.3
3238,-,L4,TURBO,105,0,1,L4-RCZ-Gr.3
3311,4000,Boxer6,NA,105,0,1,M97/80-911
2188,3799,V6,TURBO,110,0,1,VR38DETT-R.S.01-GT3
3474,1994,Boxer4,TURBO,150,0,1,EJ20-BRZ
2186,-,-,TURBO,120,0,1,WRX-Gr.3
3508,2680,V8,TURBO,130,0,1,V8-Suzuki-VGT-Gr.3
1470,1998,L4,TURBO,125,0,1,3S-GTE-171F-Supra
3352,-,-,TURBO,125,0,1,GR-Supra-Racing-Concept
2187,-,-,-,125,0,1,FT-1-VGT-Gr.3
3305,-,-,TURBO,100,0,1,Beetle-Gr.3
2192,-,-,TURBO,125,0,1,GTI-VGT-Gr.3
365,2498,V6,NA,140,0,1,V6-155-V6Ti
2166,-,-,TURBO,155,0,1,Alfa-4C-Gr.4
2157,-,V8,NA,115,0,1,V8-Vantage-Gr.4
3298,1984,L4,TURBO,115,0,1,DNU-TT-Cup
3245,2979,L6,TURBO,135,0,1,L6-M4-Gr.4
3246,7993,W16,TURBO,120,0,1,W16-Veyron-Gr.4
3247,-,V8,NA,140,0,1,V8-Corvette-Gr.4
3248,-,-,NA,125,0,1,GT-by-Citroen-Gr.4
3249,-,V10,NA,125,0,1,V10-Viper-Gr.4
3263,4499,V8,NA,115,0,1,V8-458-Gr.4
2164,-,-,NA,140,0,1,Mustang-Gr.4
3501,3342,V6,TURBO,125,0,1,V6-G70-Gr.4
3251,3493,V6,TURBO,115,0,1,V6-NSX-Gr.4
2163,-,-,NA,120,0,1,Genesis-Gr.4
3252,4999,V8,SuperCharger,110,0,1,V8-F-type-Gr.4
3253,5204,V10,NA,115,0,1,V10-Huracan-Gr.4
3254,4968,V8,NA,100,0,1,V8-RC-F-Gr.4
3256,2188,L4,TURBO,105,0,1,L4-Atenza-Gr.4
3257,3799,V8,TURBO,150,0,1,V8-650S-Gr.4
3192,-,-,NA,115,0,1,SLS-Gr.4
3258,1998,L4,TURBO,135,0,1,L4-Evo-Final-Gr.4
2161,-,V6,TURBO,110,0,1,V6-GT-R-Gr.4
3477,1998,L4,TURBO,140,0,1,SR20DET-Silvia-TC
3259,1598,L4,TURBO,110,0,1,L4-RCZ-Gr.4
3310,3800,Boxer6,NA,115,0,1,MDB.XA-Cayman-CS
3260,1998,L4,TURBO,130,0,1,L4-Megane-Gr.4
1563,3498,V6,NA,130,0,1,V4Y-Megane
3261,1994,Boxer4,TURBO,120,0,1,F4-WRX-Gr.4
3480,-,-,TURBO,150,0,1,Swift-Gr.4
3399,-,-,TURBO,130,0,1,GR-Supra-Race
3262,1998,Boxer4,NA,120,0,1,B4-86-Gr.4
3231,1984,L4,TURBO,150,0,1,L4-Scirocco-Gr.4
1927,2110,L5,TURBO,120,0,1,R5-20vT-Quattro-Pikes
3264,1999,L4,TURBO,110,0,1,L4-Focus-Gr.B
3229,-,V8,NA,115,0,1,V8-Mustang-Gr.B
3239,-,V6,TURBO,120,0,1,V6-NSX-Gr.B
3234,-,-,NA,120,0,1,Genesis-Gr.B
3230,-,-,TURBO,120,0,1,Evo-Final-Gr.B
3241,3799,V6,TURBO,125,0,1,V6-GT-R-Gr.B
105,1775,L4,TURBO,150,0,1,PSA-XU8T-205T16
3242,-,L4,TURBO,120,0,1,L4-RCZ-Gr.B
3232,-,-,TURBO,120,0,1,WRX-Gr.B
3265,1998,Boxer4,NA,120,0,1,B4-86-Gr.B
1932,1480,-,-,0,0,1,101.000-B.A.T-1
1973,1368,L4,TURBO,0,0,1,312A1-Abarth-500
3438,594,L2,NA,0,0,1,110F.000-ABA205-595
3299,-,-,TURBO,0,0,1,Alfa-4C-Gr.3-Road
2136,1742,L4,TURBO,0,0,1,960A1-4C
3415,2905,L8,SuperCharger,0,0,1,8C-2900
1578,4691,V8,NA,0,0,1,F136YC-8C
1933,1368,L4,TURBO,0,0,1,199A8-MiTo
1796,1565,L4,NA,0,0,1,807-24-A110
3337,1800,L4,TURBO,0,0,1,Tce-M5P-A110
1549,3798,V6,NA,0,0,1,VQ38HR-380RS
1433,-,L4,TURBO,0,0,1,F20C-S2000-GT1
3343,5204,V12,TURBO,0,0,1,AE31-DB11
3445,3995,L6,NA,0,0,1,Tadek-Marek-R6-DB5
1898,7312,V12,NA,0,0,1,AM21-One-77
2175,4735,V8,NA,0,0,1,AJ37-Vantage
3309,6949,V12,NA,0,0,1,V12-Vulcan
1365,4163,V8,NA,0,0,1,BYH-R8
959,3189,V6,NA,0,0,1,BHE-TT
2169,1984,L4,TURBO,0,0,1,DNU-TTS
3442,1050,L4,NA,0,0,1,A112A2.000-A112
3409,2488,L4,NA,0,0,1,Duratec-2.5-L4-Mono
3454,2986,L6,NA,0,0,1,M30B30V-3.0CSL
3422,3153,L6,NA,0,0,1,M30B32-3.0CSL
3389,3246,L6,NA,0,0,1,32-6S4-M3
3453,2302,L4,NA,0,0,1,S14B23-M3
1399,3999,V8,NA,0,0,1,S65B40A-M3
3344,2467,L4,NA,0,0,1,S14B25-EVO3-M3
2074,2979,L6,TURBO,0,0,1,S55B30A-M4
1893,4941,V8,NA,0,0,1,S62B50-Z8
2049,7993,W16,TURBO,0,0,1,8.0-WR16-64v4T-Veyron
3217,6162,V8,NA,0,0,1,LT1-Camaro
31,4949,V8,NA,0,0,1,302-Z28-Camaro
3387,6162,V8,SuperCharger,0,0,1,LT4-Camaro
1916,6162,V8,-,0,0,1,LT1-Corvette
3296,-,V8,NA,0,0,1,V8-Corvette-Gr.3-Road
3449,6162,V8,SuperCharger,0,0,1,LT5-Corvette-C7
1542,5735,V8,NA,0,0,1,Small-Block-350-ZQ3-Corvette
818,5354,V8,NA,0,0,1,Small-Block-327-L75-Corvette
41,5735,V8,NA,0,0,1,Small-block-350-L46-Corvette
1480,6162,V8,SuperCharger,0,0,1,LS9-Corvette
942,5735,V8,NA,0,0,1,LT5-Corvette-C4
3338,6162,V8,SuperCharger,0,0,1,LS9-Chevy-Nova
1581,-,-,-,0,0,1,Modular-5.4L-GT-by-Citroen
145,659,L4,TURBO,0,0,1,JB-DET-Copen
3437,4727,V8,NA,0,0,1,Windsor-289-HiPo-Mangsta
3505,4727,V8,NA,0,0,1,Windsor-289-HiPo-Dior
3341,5763,V8,NA,0,0,1,Cleveland-351-Mcode-Pantera
1027,2849,V6,NA,0,0,1,PRV-DeLorean
1543,6981,V8,NA,0,0,1,Hemi-426-Challenger
2152,6161,V8,SuperCharger,0,0,1,Hellcat-Charger
3377,6277,V8,NA,0,0,1,383-Magnum-Super-Bee
1373,7997,V10,NA,0,0,1,SR-I-Viper
1956,-,V10,NA,0,0,1,VX-I-Viper
1402,8285,V10,NA,0,0,1,ZB-I-Viper
2172,1598,L4,TURBO,0,0,1,5F04-DS3
3346,5409,V8,SuperCharger,0,0,1,Modular-5.4L-Mach-Forty
1931,2953,V12,NA,0,0,1,Tipo168-comp/61-250GT
2017,2855,V8,TURBO,0,0,1,F114-B000-288GTO
3443,2927,V8,NA,0,0,1,F106AB-308GTB
2018,4390,V12,NA,0,0,1,Tipo251-365GTB4
1504,4499,V8,NA,0,0,1,F136F-458
2011,1985,L4,NA,0,0,1,Lampredi-500-Mondial
1410,4942,Boxer12,NA,0,0,1,F102B-512BB
1895,2418,V6,NA,0,0,1,Tipo135CS-246GT
1474,5998,V12,NA,0,0,1,F140B-Enzo
3267,6262,V12,NA,0,0,1,F140FC-F12
1409,2936,V8,TURBO,0,0,1,F120A-F40
1378,4308,V8,NA,0,0,1,F136E-F430
3362,4698,V12,NA,0,0,1,F130B-F50
3469,3902,V8,TURBO,0,0,1,F154CG-F8
3433,6262,V12,NA,0,1,1,F140-FXX-K
2162,6262,V12,NA,0,1,1,F140FE-LaFerrari
3434,4943,Boxer12,NA,0,0,1,F113B-Testarossa
1527,1240,L4,NA,0,0,1,169A4-500
1523,499.5,L2,NA,0,0,1,100F.000-500
3336,6210,V8,NA,0,0,1,Boss-6.2L-Raptor
3420,2261,L4,TURBO,0,0,1,YVDA-Focus
2145,1999,L4,TURBO,0,0,1,R9DA-Focus
1426,5409,V8,SuperCharger,0,0,1,Modular-5.4L-Ford-GT
3402,3497,V6,TURBO,0,0,1,EcoBoost-D35-Ford-GT
3444,5424,V8,NA,0,0,1,FirePower-331-Roadster
1935,4727,V8,NA,0,0,1,Windsor-289-GT40
3487,7030,V8,NA,0,0,1,Lima-429-Mustang
2138,4951,V8,NA,0,0,1,Coyote-5.0L-Mustang
3300,-,V8,NA,0,0,1,V8-Mustang-Gr.3-Road
1729,5752,V8,NA,0,0,1,Cleveland-351-Mcode-Mach1
3391,5163,V8,NA,0,0,1,Voodoo-5.2L-GT350R
3500,3342,V6,TURBO,0,0,1,Lambda-II-T-GDi-G70
3364,2593,L6,NA,0,0,1,RB26DE-Fugu-Z
137,656,L3,NA,0,0,1,E07A-Beat
3214,1995,L4,TURBO,0,0,1,K20C1-Civic-'15
821,1595,L4,NA,0,0,1,B16B-Civic-'97
1689,1595,L4,NA,0,0,1,B16B-Civic-TC
204,1595,L4,NA,0,0,1,B16B-Civic-'98
3467,1995,L4,TURBO,0,0,1,K20C1-Civic-'20
3370,1496,L4,NA,0,1,1,LEB-Fit
688,1797,L4,NA,0,0,1,B18C-Integra-'95
203,1797,L4,NA,0,0,1,B18C-Integra-'98
3219,3492,V6,TURBO,0,1,1,JNC-NSX
396,3179,V6,NA,0,0,1,C32B-NSX
293,2977,V6,NA,0,0,1,C30A-NSX
514,1997,L4,NA,0,0,1,F20C-S2000
3357,658,L3,TURBO,0,0,1,S07A-S660
135,791,L4,NA,0,0,1,AS800E-S800
2051,3778,V6,NA,0,0,1,Lambda-II-RS-MPi-Genesis
3361,3781,L6,NA,0,0,1,XK-3.8L-E-type
2146,4999,V8,SuperCharger,0,0,1,AJ133-F-type
3430,2199,L4,NA,0,0,1,L-Head-134-Willys
1907,1984,L4,TURBO,0,0,1,EA888-2.0T-X-BOW
3392,6498,V12,NA,0,0,1,L539-Aventador-SV
1770,6498,V12,NA,0,0,1,L539-Aventador
1481,5167,V12,NA,0,0,1,L507-V4-Countach
1484,3929,V12,NA,0,0,1,L406-Countach
1990,5992,V12,NA,0,0,1,L532-Diablo
2171,5204,V10,NA,0,0,1,DKB-Huracan
1582,3929,V12,NA,0,0,1,L400-Miura
1545,6496,V12,NA,0,0,1,L535-Murcielago
2147,6498,V12,NA,0,0,1,L539-Veneno
829,1995,L4,TURBO,0,0,1,831E5.000-Delta
533,2418,V6,NA,0,0,1,829A.000-Stratos
3227,4968,V8,NA,0,0,1,2UR-GSE-LC500
2139,4968,V8,NA,0,0,1,2UR-GSE-RC-F
3489,1986,L6,NA,0,0,1,A6TR-2.0-A6GCS
1539,4691,V8,NA,0,0,1,F136YE-GranTurismo
3306,-,L4,TURBO,0,0,1,L4-Atenza-Gr.3-Road
2173,2188,L4,TURBO,0,0,1,SH-VPTR-Atenza
3383,1498,L4,TURBO,0,0,1,S5-DPTS-Demio
201,1597,L4,NA,0,0,1,B6-ZE[RS]-Roadster
1746,-,L4,NA,0,0,1,B6-ZE[RS]-Roadster-TC
2148,1496,L4,NA,0,0,1,P5-VP[RS]-Roadster
3495,-,Rotor4,NA,0,0,2,4-Rotor-RX-Vision
1975,491x2,Rotor2,NA,0,0,2,10A-RX500
374,654x2,Rotor2,TURBO,0,0,2,13B-T-RX-7
205,654x2,Rotor2,TURBO,0,0,2,13B-REW-RX-7
3427,654x2,Rotor2,NA,0,0,2,13B-MSP-RX-8
2174,3799,V8,TURBO,0,0,1,M838T-650S
1540,6064,V12,NA,0,0,1,S70/2-F1
1722,-,V8,TURBO,0,0,1,M838T-MP4-12C
2170,1991,L4,TURBO,0,0,1,M133-A45
3458,3982,V8,TURBO,0,0,1,M177-C63
3485,3982,V8,TURBO,0,0,1,M178-AMG-GT-Black
3416,3982,V8,TURBO,0,0,1,M178-AMG-GT-R
2149,3982,V8,TURBO,0,0,1,M178-AMG-GT-S
1507,6208,V8,NA,0,0,1,M156-SLS
387,2996,L6,NA,0,0,1,M198-300SL
3428,6800,L6,SuperCharger,0,0,1,M06-S-Barker-Tourer
1528,5439,V8,SuperCharger,0,0,1,M155-SLR-McLaren
1370,1598,L4,SuperCharger,0,0,1,Tritec-T16b4-MINI
3356,970,L4,NA,0,0,1,9F-MINI
3384,2972,V6,TURBO,0,0,1,6G72-GTO
2150,1998,L4,TURBO,0,0,1,4B11-Evo
3301,-,-,TURBO,0,0,1,Evo-Final-Gr.B-Road
301,1997,L4,TURBO,0,0,1,4G63T-Evo-IV
211,1997,L4,TURBO,0,0,1,4G63T-Evo-V
1508,1997,L4,TURBO,0,0,1,4G63T-Evo-VI
24,1998,L4,TURBO,0,0,1,SR20DET-180SX
48,2393,L6,NA,0,0,1,L24-Fairlady
1384,3498,V6,NA,0,0,1,VQ35HR-Fairlady
1458,3696,V6,NA,0,0,1,VQ37VHR-Fairlady
3429,1989,L6,NA,0,0,1,S20-Fairlady
2167,-,V6,TURBO,0,0,1,VR38DETT-GT-R
3345,3799,V6,TURBO,0,0,1,VR38DETT-GT-R-NISMO
837,1989,L6,NA,0,0,1,S20-GT-R-KPGC10
773,2568,L6,TURBO,0,0,1,RB26DETT-GT-R-R32
489,2568,L6,TURBO,0,0,1,RB26DETT-GT-R-R33
210,2568,L6,TURBO,0,0,1,RB26DETT-GT-R-R34
1461,1809,L4,TURBO,0,0,1,CA18DET-Silvia
919,1809,L4,NA,0,0,1,CA18DE-Silvia
3513,1998,L4,TURBO,0,0,1,SR20DET-Silvia-S14-'94
1448,1998,L4,TURBO,0,0,1,SR20DET-Silvia-S15
104,1998,L4,TURBO,0,0,1,SR20DET-Silighty
3504,2997,V6,TURBO,0,0,1,VR30DDTT-Fairlady
709,2960,V6,TURBO,0,0,1,VG30DETT-Fairlady
2050,5980,V12,TURBO,0,0,1,M158-AMG-Huayra
3215,1598,L4,TURBO,0,0,1,PSA-EP6-208
2176,1598,L4,TURBO,0,0,1,PSA-EP6-RCZ
3303,-,L4,TURBO,0,0,1,L4-RCZ-Gr.3-Road
665,6981,V8,NA,0,0,1,Hemi-426-Superbird
1900,2790,L6,NA,0,0,1,Slant-6-170-XNR
1985,6558,V8,NA,0,0,1,4A-Firebird
3462,6558,V8,NA,0,0,1,400-Ram-Air-III-GTO
3375,1498,Boxer4,NA,0,0,1,547/1-356
3365,1498,Boxer4,NA,0,0,1,547/1-356-Speedster
3431,3600,Boxer6,NA,0,0,1,M64/03-911
3439,3746,Boxer6,NA,0,0,1,M64/20-911
3404,3746,Boxer6,NA,0,0,1,M64/20-911CS
3400,3164,Boxer6,TURBO,0,0,1,M96/80-911GT1
3358,3600,Boxer6,NA,0,0,1,M96/76-911
3359,3797,Boxer6,NA,0,0,1,M97/77-911
3268,3996,Boxer6,NA,0,0,1,MA1.76-911
3385,3299,Boxer6,TURBO,0,0,1,930/60-911
3459,4593,V8,NA,0,1,1,M18.00-918
3393,5733,V10,NA,0,0,1,M80/01-CarreraGT
3488,3800,Boxer6,NA,0,0,1,MDB.XA-Cayman
3369,2000,L4,TURBO,0,0,1,R9DA-SR3
1431,654x2,Rotor2,TURBO,0,0,2,13B-REW-Amemiya-RX-7
173,1397,L4,TURBO,0,0,1,Cleon-Fonte-C6J-R5
3220,1618,L4,TURBO,0,0,1,M5M-Clio-'15
3353,1618,L4,TURBO,0,0,1,M5M-Clio-'16
334,2946,V6,NA,0,0,1,L7X-Clio
1987,1998,L4,TURBO,0,0,1,F4R-Megane
3426,6997,V8,NA,0,0,1,LS7-Rampage
3398,3746,Boxer6,TURBO,0,0,1,CTR38-CTR3
315,6997,V8,NA,0,0,1,FE-427-cammer-Cobra
1925,4272,V8,NA,0,0,1,Windsor-289-HiPo-G.T.350
3354,1998,Boxer4,NA,0,0,1,FA20-BRZ-'15
3506,2387,Boxer4,NA,0,0,1,FA24-BRZ
3413,1998,Boxer4,NA,0,0,1,FA20-BRZ-'18
451,2212,Boxer4,TURBO,0,0,1,EJ22G-Impreza
379,1994,Boxer4,TURBO,0,0,1,EJ20-Impreza-'99
3304,-,-,TURBO,0,0,1,WRX-Gr.B-Road
2153,1994,Boxer4,TURBO,0,0,1,EJ20-WRX
779,657,L3,TURBO,0,0,1,F6A-Cappuccino
1385,1586,L4,NA,0,0,1,M16A-Swift
3456,1371,L4,TURBO,0,0,1,K14C-Swift
604,1988,L6,NA,0,0,1,MF10-2000GT
2026,1496,L4,NA,0,1,1,1NZ-FXE-Aqua
3471,1998,L4,TURBO,0,0,1,3S-GTE-Celica
3401,3456,V6,NA,0,0,1,2GR-FSE-Crown
3481,2387,Boxer4,NA,0,0,1,FA24-GR86
3451,1618,L3,TURBO,0,0,1,G16E-GTS-Yaris
63,1587,L4,NA,0,0,1,4A-GEU-Levin
207,1998,L4,TURBO,0,0,1,3S-GTE-MR2
1537,1797,L4,NA,0,1,1,2ZR-FXE-Prius
2144,1500,L4,NA,0,0,1,L4-S-FR
2178,1500,L4,TURBO,0,0,1,L4-S-FR-Racing
1044,790,Boxer2,NA,0,0,1,2U-Sport800
843,2954,L6,TURBO,0,0,1,7M-GTEU-Supra
3367,2998,L6,TURBO,0,0,1,B58-GR-Supra-'19
3418,2998,L6,TURBO,0,0,1,B58-GR-Supra-'20
82,2997,L6,TURBO,0,0,1,2JZ-GTE-Supra
3222,1998,Boxer4,NA,0,0,1,FA20-GR-86-GRMN
2154,1998,Boxer4,NA,0,0,1,FA20-86-'15
3295,1998,Boxer4,NA,0,0,1,FA20-86-'16
810,1587,L4,NA,0,0,1,4A-GEU-Trueno
345,-,-,NA,0,0,1,4A-GEU-Trueno-Shigeno
3368,5663,V8,NA,0,0,1,3UR-FE-Tundra
187,3996,L6,NA,0,0,1,SP6-Speed6
3403,1781,L4,NA,0,0,1,EA827-R4(DX)-Golf
2141,1984,L4,TURBO,0,0,1,CHH-Golf
2155,1798,L4,TURBO,0,0,1,DAJ-Polo
1773,1984,L4,TURBO,0,0,1,CDL-Scirocco
1671,1192,Boxer4,NA,0,0,1,Type112-Sambabus
1778,1192,Boxer4,NA,0,0,1,Type112-Volkswagen-1200
3423,6096,V8,NA,0,0,1,Y-block-368-GT51
1645,1570,L4,NA,0,0,1,AR00502/A-TZ2
3457,2996,V8,NA,0,0,1,T62-A220
2112,4494,V8,NA,140,0,1,V8-Alpine-VGT-'14
2116,4494,V8,NA,140,0,1,V8-Alpine-VGT-Race
2103,6000,V12,TURBO,120,0,1,V12-DP-100
3363,2922,L6,NA,0,0,1,Lagonda-DP101-DB3S
3351,-,-,-,0,2,5,EV-Audi-e-tron-VGT
2087,3000,L6,TURBO,100,0,1,L6-BMW-VGT
3266,-,-,-,0,2,5,P250-i3
3209,2979,L6,TURBO,0,0,1,S55B30A-M4-SC
2134,7993,W16,TURBO,70,0,1,W16-Bugatti-VGT
1069,7600,V8,NA,0,0,1,Big-Block-465-2J
2107,-,-,-,0,3,0,Laser-Pulse-2X
2059,-,V8,NA,0,0,1,Small-block-283-Corvette
3316,660,L3,TURBO,0,0,1,L3-Copen-VGT
3406,6161,V8,SuperCharger,0,0,1,Hellcat-Charger-SC
2110,7000,V10,NA,100,1,1,V10-Tomahawk-GTS-R
2111,7000,V10,NA,100,1,1,V10-Tomahawk-S
2108,7000,V10,NA,100,1,1,V10-Tomahawk-X
2010,2953,V12,NA,0,0,1,Tipo168-comp/62-250GTO
1551,3967,V12,NA,0,0,1,Tipo237-330P4
1565,6997,V8,NA,0,0,1,FE-427-Mark-IV
3342,-,V6,TURBO,120,0,1,V6-F1500T-A
2060,-,-,NA,0,0,4,Single-Cylinder-Kart-125
2078,2000,L4,NA,100,0,1,L4-X2014-Junior
2077,2000,V6,TURBO,100,0,1,V6-X2014-Standard
3374,3000,-,NA,100,0,1,X2019-Competition
2156,999,V4,NA,0,0,1,SE75E-2&4
2121,1998,L4,TURBO,0,0,1,L4-Honda-VGT
2135,-,-,-,0,2,5,EV-Hyundai-VGT
2117,4494,V8,NA,0,1,1,V8-Infiniti-VGT
3376,3442,L6,NA,0,0,1,XK6-D-type
3396,-,-,-,0,2,5,EV-Jaguer-VGT
3479,-,-,-,0,2,5,EV-Jaguer-VGT-Roadster
3417,-,-,-,0,2,5,EV-Jaguer-VGT-SV
1553,4994,V12,NA,0,0,1,V12-XJ13
3414,6498,V12,NA,0,1,1,V12-Lambo-VGT
2123,-,-,TURBO,85,1,1,LF-LC-GT-VGT
2118,-,-,-,70,0,2,LM55-VGT
3360,3799,V8,TURBO,150,1,1,M838TQ-P1GTR
3315,3998,V8,TURBO,100,1,1,V8-McLaren-VGT
3475,1494,V6,TURBO,100,0,1,RA168E-XE2-MP4/4
3388,6835,V8,NA,0,0,1,M100-300SEL
3210,3982,V8,TURBO,0,0,1,M178-AMG-GT-S-SC
2055,5461,V8,TURBO,0,0,1,V8-Mercedes-VGT
2076,5461,V8,TURBO,0,0,1,V8-Mercedes-VGT-Racing
3441,2996,L6,NA,0,0,1,M194-300SL
2109,-,-,TURBO,0,0,1,MINI-VGT
2095,3000,V6,TURBO,0,1,1,V6-XR-PHEV-Evo-VGT
3225,-,V6,TURBO,0,0,1,VR38DETT-GT-R-SC
2142,-,V6,TURBO,0,1,1,V6-Nissan-VGT
1536,5987,V12,NA,150,0,1,M120-E60-AMG-Zonda
3332,-,-,TURBO,0,1,1,L500R-VGT
2113,3200,V6,TURBO,0,0,1,V6-Peugeot-VGT
3452,5000,Boxer8,TURBO,100,0,1,F8-917LL
3410,4907,V12,NA,0,0,1,912/10-917
3478,-,-,-,0,2,5,EV-Porsche-VGT
3507,-,-,-,0,2,5,EV-Porsche-VGT-Spyder
3446,1498,Boxer4,NA,0,0,1,547-550
3390,-,-,-,0,2,5,EBG-EBE-Taycan
3407,1998,L4,TURBO,0,0,1,F4R-Megane-SC
1986,1255,L4,NA,100,0,1,Gordini-812-R8
3216,3799,V6,TURBO,105,0,1,VR38DETT-R.S.01
1926,4728,V8,NA,0,0,1,Windsor-289-Cobra
3339,7816,V8,TURBO,0,0,1,LS7-BRZ
2099,2000,Boxer4,TURBO,0,1,1,F4-VIZIV-GT-VGT
3297,2000,Boxer4,TURBO,0,0,1,EJ20-WRX-Man
3372,2000,L4,TURBO,85,0,1,HR-417E-SF19
3371,2000,L4,TURBO,85,0,1,TRD-Biz-01F-SF19
808,2493,V6,TURBO,120,0,1,H25A-Escudo
3476,1340,L4,NA,0,1,1,DXA1-Suzuki-VGT
1896,-,-,-,0,2,5,L1S-Model-S
3408,3456,V6,NA,0,0,1,2GR-FSE-Crown-SC
2080,-,-,-,0,0,1,FT-1
2106,-,-,-,120,1,1,FT-1-VGT
3511,-,-,-,0,2,5,EV-ID.R
2124,-,-,TURBO,0,0,1,GTI-Supersport-VGT
2098,-,-,TURBO,0,0,1,GTI-Roadster-VGT
2122,4494,V8,NA,0,0,1,V8-Zagato-VGT
3473,7993,W16,TURBO,0,0,1,8.0-WR16-64v4T-Chiron
3512,1496,L4,NA,0,0,1,P5-VP[RS]-Roadster-NR-A
3411,2891,V6,TURBO,0,0,1,690T-Giulia
3483,2979,L6,TURBO,0,0,1,S55B30A-M2
3510,3000,V6,TURBO,100,1,1,V6-Ferrari-VGT
3421,2965,V6,NA,0,0,1,AM114.53.30-Merak
3450,3799,V6,TURBO,105,0,1,VR38DETT-GT-R-GT3-'18
836,1989,L6,NA,0,0,1,S20-GT-R-KPGC110
3466,1993,L4,TURBO,0,0,1,YBD-Sierra
2119,-,V10,NA,100,0,1,V10-Italdesign-VGT-Street
2120,-,V10,NA,100,0,1,V10-Italdesign-VGT-Off-road
3496,-,-,-,0,0,1,
3497,-,-,-,0,0,1,
3498,-,-,-,0,0,1,
3185,-,-,TURBO,0,0,1,
2131,5935,V12,NA,0,0,1,AM08
2143,5200,V10,NA,0,0,1,DAR
1904,4000,V8,NA,0,0,1,P65B40
3221,-,-,TURBO,0,0,1,P63B44
3218,-,-,TURBO,0,0,1,P63B44
1902,4361,V8,NA,0,0,1,P65B44
2183,-,V8,NA,0,0,1,
2190,-,V8,NA,0,0,1,
3223,8383,V10,NA,0,0,1,
2158,4497,V8,NA,0,0,1,F136
1425,5409,V8,SuperCharger,0,0,1,
2159,-,V8,NA,0,0,1,
3235,-,V6,TURBO,0,0,1,
2160,-,-,NA,0,0,1,
2184,-,V8,SuperCharger,0,0,1,
2177,5204,V10,NA,0,0,1,DGF
3340,5407,V8,NA,0,0,1,2UR-GSE
3228,5327,V8,NA,0,0,1,2UR-GSE
3237,-,L4,TURBO,0,0,1,
2182,3799,V8,TURBO,0,0,1,M838T
1984,6064,V12,NA,0,0,1,BMW S70/2
3224,6208,V8,NA,0,0,1,M159
1797,-,V8,NA,0,0,1,M159
2185,-,-,TURBO,0,0,1,
1905,3799,V6,TURBO,0,0,1,VR38DETT
3183,3200,V6,TURBO,0,0,1,
3238,-,L4,TURBO,0,0,1,
3311,4000,Boxer6,NA,0,0,1,M97/80
2188,3799,V6,TURBO,0,0,1,Nissan VQ38DETT
2186,-,-,TURBO,0,0,1,
3352,-,-,TURBO,0,0,1,
2187,-,-,-,0,0,1,
3305,-,-,-,0,0,1,
2192,-,-,TURBO,0,0,1,
2166,-,-,TURBO,0,0,1,
2157,-,V8,NA,0,0,1,
3298,1984,L4,TURBO,0,0,1,DNU
3245,2979,L6,TURBO,0,0,1,
3246,7993,W16,TURBO,0,0,1,
3247,-,V8,NA,0,0,1,
3248,-,-,NA,0,0,1,
3249,-,V10,NA,0,0,1,
3263,4499,V8,NA,0,0,1,
2164,-,-,NA,0,0,1,
3251,3493,V6,TURBO,0,0,1,
2163,-,-,NA,0,0,1,
3252,4999,V8,SuperCharger,0,0,1,
3253,5204,V10,NA,0,0,1,
3254,4968,V8,NA,0,0,1,
3256,2188,L4,TURBO,0,0,1,
3257,3799,V8,TURBO,0,0,1,
3192,-,-,NA,0,0,1,
3258,1998,L4,TURBO,0,0,1,
2161,-,V6,TURBO,0,0,1,
3259,1598,L4,TURBO,0,0,1,
3310,3800,Boxer6,NA,0,0,1,MDB.XA
3260,1998,L4,TURBO,0,0,1,
1563,3498,V6,NA,0,0,1,V4Y (Nissan VQ35DE)
3261,1994,Boxer4,TURBO,0,0,1,
3399,-,-,TURBO,0,0,1,
3262,1998,Boxer4,NA,0,0,1,
3231,1984,L4,TURBO,0,0,1,
3514,2175,L4,NA,0,0,1,DX2-DS21
3509,2687,Boxer6,NA,0,0,1,911/83-911
78,1998,L4,TURBO,0,0,1,SR20DET-Silvia-S14-'96
781,1998,L4,TURBO,140,0,1,3S-GTE-661E-Celica
3517,3000,-,NA,100,0,1,X2019-25th
3518,6162,V8,NA,0,0,1,LT2-Corvette
3525,1495,V12,NA,100,0,1,RA272E-RA272
